periodid,periodname,periodcode,perioddescription,organisationunitid,organisationunitname,organisationunitcode,organisationunitdescription,HPV Positive for abnormal results,HPV screened,HPV screened and received results,LLETZ treated,Pap Smear Positive for abnormal results,Pap smear screened,Pap smear screened and LLETZ post treatment complication,Pap smear screened and received results,Pap smear screened and treated,Pap smear screening results,Thermoablation treated,"Total positive for abnormal results (VIA, Pap smear and HPV)","Total screened (VIA, Pap smear and HPV)","Total screened and received results (VIA, Pap smear and HPV)",VIA Positive for abnormal results,VIA result suspected cancer,VIA screened,VIA screened and LLETZ post treatment complication,VIA screened and Thermo post treatment complication,VIA screened and received results,VIA screened and treated
202410,October 2024,202410,,M4CCRjpqMoJ,Andara District,,,,,,,1,9,,8,,6,216,1,43,42,9,,34,,,34,
202410,October 2024,202410,,lNdjeN88AeE,Aranos District,,,,,,,,1,,,,,,,2,1,1,,1,,,1,
202410,October 2024,202410,,pWoACmCrmMl,Eenhana District,,,,,,,4,18,,17,,10,135,4,108,107,5,,90,,,90,1
202410,October 2024,202410,,qAWnilOcDa8,Engela District,,,,,,28,6,47,,32,,16,351,6,316,297,21,1,269,,,265,5
202410,October 2024,202410,,DZGJZHBfYq5,Erongo Region,,,,,,28,5,40,,36,,20,81,5,159,154,14,,119,,,118,2
202410,October 2024,202410,,pCHdG1g9imN,Gobabis District,,,,,,1,,3,,2,,1,27,,32,31,3,,29,,,29,1
202410,October 2024,202410,,HBNyx54xyKg,Grootfontein District,,,,,,82,2,17,,13,,4,27,2,33,28,3,,16,,,15,1
202410,October 2024,202410,,PsPP6q4tzAb,Hardap Region,,,,,,1,5,29,,21,,11,27,5,73,64,10,1,44,,,43,
202410,October 2024,202410,,qTfEvXsiLvx,Karas Region,,,,,,1,2,39,,27,,2,27,2,97,85,8,,58,,,58,
202410,October 2024,202410,,h9lJDhyWO9x,Karasburg District,,,,,,,,10,,1,,,,,33,24,2,,23,,,23,
202410,October 2024,202410,,KSe05Xbqo0U,Katima Mulilo District,,,,,,,,19,,11,,9,27,,77,68,1,,58,,,58,1
202410,October 2024,202410,,sgwgViA64qj,Kavango East Region,,,,,,1,2,49,,37,,20,243,2,223,211,11,,174,,,174,2
202410,October 2024,202410,,OD20xu7veAQ,Kavango West Region,,,,,,,,3,,,,,27,,32,29,1,,29,,,29,
202410,October 2024,202410,,F7k9I7WePE7,Keetmanshoop District,,,,,,1,1,22,,19,,1,,1,51,48,4,,29,,,29,
202410,October 2024,202410,,HuCz9nP325p,Khomas Region,,,,,,402,7,95,,56,,37,270,7,544,504,28,3,449,,,448,6
202410,October 2024,202410,,ut0VY2RkP4n,Khorixas District,,,,,,,2,11,,9,,3,,2,28,26,1,,17,,,17,
202410,October 2024,202410,,OwBLqK8HoJm,Kunene Region,,,,,,,4,21,,18,,7,27,4,65,62,2,,44,,,44,
202410,October 2024,202410,,dnVyDFlf55D,Luderitz District,,,,,,,1,7,,7,,1,27,1,13,13,2,,6,,,6,
202410,October 2024,202410,,bFCHIa6CuzW,Mariental District,,,,,,1,,,,,,,,,2,1,,,2,,,1,
202410,October 2024,202410,,vXZfqdE0PkP,Ncamagoro District,,,,,,,,3,,,,,27,,20,17,1,,17,,,17,
202410,October 2024,202410,,wSHVyf2XMH4,Nkurenkuru District,,,,,,,,,,,,,,,12,12,,,12,,,12,
202410,October 2024,202410,,FtxUgraJFFH,Nyangana District,,,,,,,,2,,2,,,27,,15,15,1,,13,,,13,1
202410,October 2024,202410,,bkCGDV5FZr6,Ohangwena Region,,,,,,28,10,75,,49,,26,486,10,448,418,26,1,373,,,369,6
202410,October 2024,202410,,UQTgGLGzVJR,Okahandja District,,,,,,,,15,,2,,,81,,56,42,5,,41,,,40,1
202410,October 2024,202410,,EcsNePeiu8B,Okahao District,,,,,,,2,7,,4,,,81,2,28,25,4,,21,,,21,3
202410,October 2024,202410,,cwdQdlsupXZ,Okakarara District,,,,,,,,2,,2,,2,,,7,7,,,5,,,5,
202410,October 2024,202410,,FKhUQqO7kgp,Okongo District,,,,,,,,10,,,,,,,24,14,,,14,,,14,
202410,October 2024,202410,,EOcXucXIIf1,Omaheke Region,,,,,,1,,3,,2,,1,27,,32,31,3,,29,,,29,1
202410,October 2024,202410,,PbiAN2iuMNC,Omaruru District,,,,,,,1,5,,2,,1,,1,6,3,,,1,,,1,
202410,October 2024,202410,,ZGn3jYwsny5,Omusati Region,,,,,,329,16,169,,112,1,51,298,16,366,308,22,,197,,,196,4
202410,October 2024,202410,,A3TNsiR1dh5,Omuthiya District,,,,,,,,4,,3,,1,27,,18,17,1,,14,,,14,1
202410,October 2024,202410,,RTeFLiIQbw6,Onandjokwe District,,,,,,189,5,23,,16,,9,27,5,96,89,8,,73,,,73,
202410,October 2024,202410,,dOdJP21SD9O,Opuwo District,,,,,,,2,9,,9,,4,27,2,33,33,1,,24,,,24,
202410,October 2024,202410,,vxVCU3Gg2O7,Oranjemund District,,Oranjemund District,,,,,,,,,,,,,,,,,,,,,
202410,October 2024,202410,,fGEgF3PkXvq,Oshakati District,,,,,,181,10,84,,72,1,18,216,10,299,286,36,1,215,,,214,1
202410,October 2024,202410,,b9HMqeI8JEo,Oshana Region,,,,,,181,10,84,,72,1,18,216,10,299,286,36,1,215,,,214,1
202410,October 2024,202410,,qxZHCIcFGGI,Oshikoto Region,,,,,,189,5,32,,23,,13,54,5,127,118,10,,95,,,95,1
202410,October 2024,202410,,qUvunSjZohO,Oshikuku District,,,,,,,2,58,,56,,32,54,2,141,139,6,,83,,,83,1
202410,October 2024,202410,,OZpQSwHeL07,Otjiwarongo District,,,,,,,,5,,3,,1,,,13,11,1,,8,,,8,
202410,October 2024,202410,,lOB86duziYC,Otjozondjupa Region,,,,,,82,2,39,,20,,7,108,2,109,88,9,,70,,,68,2
202410,October 2024,202410,,kvoY0kknTC4,Outapi District,,,,,,2,7,72,,21,,10,28,7,128,76,5,,56,,,55,
202410,October 2024,202410,,nBGDrsjRfLw,Outjo District,,,,,,,,1,,,,,,,4,3,,,3,,,3,
202410,October 2024,202410,,pTuejLrN4sm,Rehoboth District,,,,,,,5,28,,21,,11,27,5,69,62,9,1,41,,,41,
202410,October 2024,202410,,wMIC5fKYst9,Rundu District,,,,,,1,1,38,,27,,14,,1,165,154,1,,127,,,127,1
202410,October 2024,202410,,Ep5roMtNesc,Swakopmund District,,,,,,28,4,19,,19,,8,,4,57,56,5,,38,,,37,
202410,October 2024,202410,,QH5y5NkOxfc,Tsandi District,,,,,,327,5,32,,31,1,9,135,5,69,68,7,,37,,,37,
202410,October 2024,202410,,PvX6HjANIMR,Tsumeb District,,,,,,,,5,,4,,3,,,13,12,1,,8,,,8,
202410,October 2024,202410,,tbFjsqAACE8,Usakos District,,,,,,,,6,,5,,1,27,,37,36,2,,31,,,31,
202410,October 2024,202410,,E9sSue8msED,Walvis Bay District,,,,,,,,10,,10,,10,54,,59,59,7,,49,,,49,2
202410,October 2024,202410,,OPZrTAb9fdW,Windhoek District,,,,,,402,7,95,,56,,37,270,7,544,504,28,3,449,,,448,6
202410,October 2024,202410,,ICVofXXkxdc,Zambezi Region,,,,,,,,19,,11,,9,27,,77,68,1,,58,,,58,1
202411,November 2024,202411,,M4CCRjpqMoJ,Andara District,,,,,,29,1,15,,12,,7,81,1,69,66,6,,54,,,54,
202411,November 2024,202411,,lNdjeN88AeE,Aranos District,,,,,,,,,,,,,,,,,,,,,,,
202411,November 2024,202411,,pWoACmCrmMl,Eenhana District,,,,,,54,4,24,,20,,13,136,4,162,159,7,,138,,,139,1
202411,November 2024,202411,,qAWnilOcDa8,Engela District,,,,,,27,11,63,,49,2,25,162,11,320,304,22,,257,,,255,3
202411,November 2024,202411,,DZGJZHBfYq5,Erongo Region,,,,,,60,,55,,29,,24,108,,214,188,12,4,159,,,159,6
202411,November 2024,202411,,pCHdG1g9imN,Gobabis District,,,,,,27,2,25,,11,,7,54,2,57,43,2,,32,,,32,
202411,November 2024,202411,,HBNyx54xyKg,Grootfontein District,,,,,,,2,12,,11,,5,,2,34,32,3,,22,,,21,
202411,November 2024,202411,,PsPP6q4tzAb,Hardap Region,,,,,,,2,39,,11,,6,27,2,82,54,8,,43,,,43,1
202411,November 2024,202411,,qTfEvXsiLvx,Karas Region,,,,,,2,1,15,,10,,1,,1,54,49,1,,39,,,39,
202411,November 2024,202411,,h9lJDhyWO9x,Karasburg District,,,,,,,,,,,,,,,,,,,,,,,
202411,November 2024,202411,,KSe05Xbqo0U,Katima Mulilo District,,,,,,,5,27,,19,,11,,5,104,96,7,,77,,,77,
202411,November 2024,202411,,sgwgViA64qj,Kavango East Region,,,,,,56,3,55,,43,,25,460,3,291,278,28,,236,,,235,1
202411,November 2024,202411,,OD20xu7veAQ,Kavango West Region,,,,,,2,2,26,,17,,10,135,2,127,118,11,,101,,,101,3
202411,November 2024,202411,,F7k9I7WePE7,Keetmanshoop District,,,,,,,1,11,,6,,1,,1,32,27,,,21,,,21,
202411,November 2024,202411,,HuCz9nP325p,Khomas Region,,,,,,512,7,117,,42,,22,244,7,590,517,35,2,474,,,475,1
202411,November 2024,202411,,ut0VY2RkP4n,Khorixas District,,,,,,,,2,,2,,2,,,6,6,,,4,,,4,
202411,November 2024,202411,,OwBLqK8HoJm,Kunene Region,,,,,,135,1,23,,21,,8,135,1,101,99,9,,78,,,78,
202411,November 2024,202411,,dnVyDFlf55D,Luderitz District,,,,,,2,,4,,4,,,,,22,22,1,,18,,,18,
202411,November 2024,202411,,bFCHIa6CuzW,Mariental District,,,,,,,,,,,,,,,2,2,,,2,,,2,
202411,November 2024,202411,,vXZfqdE0PkP,Ncamagoro District,,,,,,1,,2,,1,,,54,,32,31,2,,30,,,30,2
202411,November 2024,202411,,wSHVyf2XMH4,Nkurenkuru District,,,,,,1,2,24,,16,,10,81,2,95,87,9,,71,,,71,1
202411,November 2024,202411,,FtxUgraJFFH,Nyangana District,,,,,,,,4,,4,,1,190,,72,72,13,,68,,,68,
202411,November 2024,202411,,bkCGDV5FZr6,Ohangwena Region,,,,,,81,15,92,,69,2,38,298,15,505,481,32,,413,,,412,4
202411,November 2024,202411,,UQTgGLGzVJR,Okahandja District,,,,,,,,12,,1,,,108,,55,44,9,,43,,,43,
202411,November 2024,202411,,EcsNePeiu8B,Okahao District,,,,,,109,1,15,,5,,4,,1,30,20,5,,15,,,15,
202411,November 2024,202411,,cwdQdlsupXZ,Okakarara District,,,,,,,,3,,3,,1,,,10,10,,,7,,,7,
202411,November 2024,202411,,FKhUQqO7kgp,Okongo District,,,,,,,,5,,,,,,,23,18,3,,18,,,18,
202411,November 2024,202411,,EOcXucXIIf1,Omaheke Region,,,,,,27,2,25,,11,,7,54,2,57,43,2,,32,,,32,
202411,November 2024,202411,,PbiAN2iuMNC,Omaruru District,,,,,,,,3,,1,,,27,,11,9,1,,8,,,8,
202411,November 2024,202411,,ZGn3jYwsny5,Omusati Region,,,,,,433,18,174,,111,2,66,135,18,355,292,15,,181,,,181,3
202411,November 2024,202411,,A3TNsiR1dh5,Omuthiya District,,,,,,27,1,28,,20,1,7,,1,69,60,,,41,,,40,
202411,November 2024,202411,,RTeFLiIQbw6,Onandjokwe District,,,,,,81,1,13,,10,,4,27,1,107,103,4,1,94,,,93,
202411,November 2024,202411,,dOdJP21SD9O,Opuwo District,,,,,,27,1,6,,6,,2,135,1,49,49,6,,43,,,43,
202411,November 2024,202411,,vxVCU3Gg2O7,Oranjemund District,,Oranjemund District,,,,,,,,,,,,,,,,,,,,,
202411,November 2024,202411,,fGEgF3PkXvq,Oshakati District,,,,,,81,17,138,,134,,45,297,17,329,322,34,1,191,,,188,3
202411,November 2024,202411,,b9HMqeI8JEo,Oshana Region,,,,,,81,17,138,,134,,45,297,17,329,322,34,1,191,,,188,3
202411,November 2024,202411,,qxZHCIcFGGI,Oshikoto Region,,,,,,108,2,41,,30,1,11,27,2,176,163,4,1,135,,,133,
202411,November 2024,202411,,qUvunSjZohO,Oshikuku District,,,,,,27,3,51,,32,,19,108,3,122,103,5,,71,,,71,3
202411,November 2024,202411,,OZpQSwHeL07,Otjiwarongo District,,,,,,,,8,,2,,,,,31,25,,,23,,,23,
202411,November 2024,202411,,lOB86duziYC,Otjozondjupa Region,,,,,,,2,35,,17,,6,108,2,130,111,12,,95,,,94,
202411,November 2024,202411,,kvoY0kknTC4,Outapi District,,,,,,162,10,87,,53,,31,27,10,170,136,5,,83,,,83,
202411,November 2024,202411,,nBGDrsjRfLw,Outjo District,,,,,,108,,15,,13,,4,,,46,44,3,,31,,,31,
202411,November 2024,202411,,pTuejLrN4sm,Rehoboth District,,,,,,,2,39,,11,,6,27,2,80,52,8,,41,,,41,1
202411,November 2024,202411,,wMIC5fKYst9,Rundu District,,,,,,27,2,36,,27,,17,189,2,150,140,9,,114,,,113,1
202411,November 2024,202411,,Ep5roMtNesc,Swakopmund District,,,,,,,,12,,,,,54,,58,46,2,,46,,,46,
202411,November 2024,202411,,QH5y5NkOxfc,Tsandi District,,,,,,135,4,21,,21,2,12,,4,33,33,,,12,,,12,
202411,November 2024,202411,,PvX6HjANIMR,Tsumeb District,,,,,,,,,,,,,,,,,,,,,,,
202411,November 2024,202411,,tbFjsqAACE8,Usakos District,,,,,,,,13,,1,,,,,47,35,3,3,34,,,34,
202411,November 2024,202411,,E9sSue8msED,Walvis Bay District,,,,,,60,,27,,27,,24,27,,98,98,6,1,71,,,71,6
202411,November 2024,202411,,OPZrTAb9fdW,Windhoek District,,,,,,512,7,117,,42,,22,244,7,590,517,35,2,474,,,475,1
202411,November 2024,202411,,ICVofXXkxdc,Zambezi Region,,,,,,,5,27,,19,,11,,5,104,96,7,,77,,,77,
202412,December 2024,202412,,M4CCRjpqMoJ,Andara District,,,,,,,,7,,7,,5,81,,23,23,3,,16,,,16,1
202412,December 2024,202412,,lNdjeN88AeE,Aranos District,,,,,,,,,,,,,,,3,3,1,,3,,,3,
202412,December 2024,202412,,pWoACmCrmMl,Eenhana District,,,,,,27,2,13,,13,,8,81,2,53,53,4,,40,,,40,1
202412,December 2024,202412,,qAWnilOcDa8,Engela District,,,,,,27,13,61,,50,,26,189,13,368,356,15,,307,,,306,5
202412,December 2024,202412,,DZGJZHBfYq5,Erongo Region,,,,,,,,10,,6,,4,54,,69,65,5,,59,,,59,2
202412,December 2024,202412,,pCHdG1g9imN,Gobabis District,,,,,,27,1,7,,6,,3,28,1,35,34,2,1,28,,,28,2
202412,December 2024,202412,,HBNyx54xyKg,Grootfontein District,,,,,,,,9,,3,,2,,,18,12,3,,9,,,9,
202412,December 2024,202412,,PsPP6q4tzAb,Hardap Region,,,,,,,,10,,6,,4,,,29,25,1,,19,,,19,
202412,December 2024,202412,,qTfEvXsiLvx,Karas Region,,,,,,,2,14,,11,,2,54,2,67,64,6,1,53,,,53,
202412,December 2024,202412,,h9lJDhyWO9x,Karasburg District,,,,,,,,,,,,,,,,,,,,,,,
202412,December 2024,202412,,KSe05Xbqo0U,Katima Mulilo District,,,,,,,1,8,,2,,1,,1,92,85,9,,84,,,83,
202412,December 2024,202412,,sgwgViA64qj,Kavango East Region,,,,,,1,,30,,12,,10,136,,116,98,8,,86,,,86,3
202412,December 2024,202412,,OD20xu7veAQ,Kavango West Region,,,,,,,,9,,6,,1,81,,37,34,3,,28,,,28,2
202412,December 2024,202412,,F7k9I7WePE7,Keetmanshoop District,,,,,,,,5,,2,,,,,35,32,3,,30,,,30,
202412,December 2024,202412,,HuCz9nP325p,Khomas Region,,,,,,378,4,60,,15,1,8,217,4,302,256,20,,242,,,241,6
202412,December 2024,202412,,ut0VY2RkP4n,Khorixas District,,,,,,,,1,,1,,1,,,3,3,,,2,,,2,
202412,December 2024,202412,,OwBLqK8HoJm,Kunene Region,,,,,,54,,6,,6,,5,,,48,48,2,,42,,,42,
202412,December 2024,202412,,dnVyDFlf55D,Luderitz District,,,,,,,2,9,,9,,2,54,2,32,32,3,1,23,,,23,
202412,December 2024,202412,,bFCHIa6CuzW,Mariental District,,,,,,,,,,,,,,,2,2,,,2,,,2,
202412,December 2024,202412,,vXZfqdE0PkP,Ncamagoro District,,,,,,,,6,,4,,1,81,,19,17,3,,13,,,13,2
202412,December 2024,202412,,wSHVyf2XMH4,Nkurenkuru District,,,,,,,,3,,2,,,,,18,17,,,15,,,15,
202412,December 2024,202412,,FtxUgraJFFH,Nyangana District,,,,,,,,2,,2,,2,27,,13,13,1,,11,,,11,
202412,December 2024,202412,,bkCGDV5FZr6,Ohangwena Region,,,,1,1,54,15,85,,68,,38,270,15,454,436,21,,368,,,367,6
202412,December 2024,202412,,UQTgGLGzVJR,Okahandja District,,,,,,,,16,,1,,,54,,39,24,5,,23,,,23,
202412,December 2024,202412,,EcsNePeiu8B,Okahao District,,,,,,,1,7,,7,,5,,1,17,17,1,,10,,,10,1
202412,December 2024,202412,,cwdQdlsupXZ,Okakarara District,,,,,,,,2,,2,,1,,,7,7,,,5,,,5,
202412,December 2024,202412,,FKhUQqO7kgp,Okongo District,,,,1,1,,,11,,5,,4,,,33,27,2,,21,,,21,
202412,December 2024,202412,,EOcXucXIIf1,Omaheke Region,,,,,,27,1,7,,6,,3,28,1,35,34,2,1,28,,,28,2
202412,December 2024,202412,,PbiAN2iuMNC,Omaruru District,,,,,,,,,,,,,,,5,5,,,5,,,5,
202412,December 2024,202412,,ZGn3jYwsny5,Omusati Region,,,,,,81,18,136,,77,,38,243,18,372,313,28,,236,,,236,8
202412,December 2024,202412,,A3TNsiR1dh5,Omuthiya District,,,,,,27,1,37,,9,1,2,,1,80,53,4,,43,,,44,
202412,December 2024,202412,,RTeFLiIQbw6,Onandjokwe District,,,,,,,1,12,,4,,2,,1,73,65,2,,61,,,61,
202412,December 2024,202412,,dOdJP21SD9O,Opuwo District,,,,,,,,3,,3,,3,,,25,25,,,22,,,22,
202412,December 2024,202412,,vxVCU3Gg2O7,Oranjemund District,,Oranjemund District,,,,,,,,,,,,,,,,,,,,,
202412,December 2024,202412,,fGEgF3PkXvq,Oshakati District,,,,,,1,9,90,,50,,12,135,9,213,171,18,,123,,,121,2
202412,December 2024,202412,,b9HMqeI8JEo,Oshana Region,,,,,,1,9,90,,50,,12,135,9,213,171,18,,123,,,121,2
202412,December 2024,202412,,qxZHCIcFGGI,Oshikoto Region,,,,,,27,2,49,,13,1,4,,2,157,122,6,,108,,,109,
202412,December 2024,202412,,qUvunSjZohO,Oshikuku District,,,,,,81,5,55,,25,,12,81,5,122,92,7,,67,,,67,3
202412,December 2024,202412,,OZpQSwHeL07,Otjiwarongo District,,,,,,,,,,,,,,,,,,,,,,,
202412,December 2024,202412,,lOB86duziYC,Otjozondjupa Region,,,,,,,,27,,6,,3,54,,64,43,8,,37,,,37,
202412,December 2024,202412,,kvoY0kknTC4,Outapi District,,,,,,,1,48,,18,,11,81,1,143,113,15,,95,,,95,3
202412,December 2024,202412,,nBGDrsjRfLw,Outjo District,,,,,,54,,2,,2,,1,,,20,20,2,,18,,,18,
202412,December 2024,202412,,pTuejLrN4sm,Rehoboth District,,,,,,,,10,,6,,4,,,24,20,,,14,,,14,
202412,December 2024,202412,,wMIC5fKYst9,Rundu District,,,,,,1,,21,,3,,3,28,,80,62,4,,59,,,59,2
202412,December 2024,202412,,Ep5roMtNesc,Swakopmund District,,,,,,,,2,,1,,,27,,23,22,3,,21,,,21,1
202412,December 2024,202412,,QH5y5NkOxfc,Tsandi District,,,,,,,11,26,,27,,10,81,11,90,91,5,,64,,,64,1
202412,December 2024,202412,,PvX6HjANIMR,Tsumeb District,,,,,,,,,,,,,,,4,4,,,4,,,4,
202412,December 2024,202412,,tbFjsqAACE8,Usakos District,,,,,,,,2,,,,,,,20,18,1,,18,,,18,
202412,December 2024,202412,,E9sSue8msED,Walvis Bay District,,,,,,,,6,,5,,4,27,,21,20,1,,15,,,15,1
202412,December 2024,202412,,OPZrTAb9fdW,Windhoek District,,,,,,378,4,60,,15,1,8,217,4,302,256,20,,242,,,241,6
202412,December 2024,202412,,ICVofXXkxdc,Zambezi Region,,,,,,,1,8,,2,,1,,1,92,85,9,,84,,,83,
202501,January 2025,202501,,M4CCRjpqMoJ,Andara District,,,,,,,1,8,,7,1,6,81,1,21,21,4,,13,,,14,17
202501,January 2025,202501,,lNdjeN88AeE,Aranos District,,,,,,,,1,,1,,,,,6,6,1,,5,,,5,
202501,January 2025,202501,,pWoACmCrmMl,Eenhana District,,,,,,,3,19,,15,,6,81,3,92,88,4,1,73,,,73,11
202501,January 2025,202501,,qAWnilOcDa8,Engela District,,,,,,92,20,98,,79,4,27,108,20,236,216,7,,138,,,137,12
202501,January 2025,202501,,DZGJZHBfYq5,Erongo Region,,,1,1,1,131,2,190,,52,,19,301,2,778,639,70,1,587,,,586,32
202501,January 2025,202501,,pCHdG1g9imN,Gobabis District,,,,,,27,7,162,,151,,17,379,7,435,423,19,,273,,,272,3
202501,January 2025,202501,,HBNyx54xyKg,Grootfontein District,,,,,,,2,39,,26,,8,,2,236,223,12,,197,,,197,
202501,January 2025,202501,,PsPP6q4tzAb,Hardap Region,,,,,,3,4,54,,45,,13,297,4,187,178,18,,133,,,133,1
202501,January 2025,202501,,qTfEvXsiLvx,Karas Region,,,,,,,2,68,,17,,1,54,2,258,207,15,,190,,,190,4
202501,January 2025,202501,,h9lJDhyWO9x,Karasburg District,,,,,,,1,24,,8,,,27,1,99,83,5,,75,,,75,
202501,January 2025,202501,,KSe05Xbqo0U,Katima Mulilo District,,,,,,,,12,,2,,,,,66,56,7,,54,,,54,
202501,January 2025,202501,,sgwgViA64qj,Kavango East Region,,,,,,,6,45,,27,1,14,189,6,226,209,11,,181,,,182,33
202501,January 2025,202501,,OD20xu7veAQ,Kavango West Region,,,,,,,,11,,4,,1,81,,81,73,4,,70,,,69,5
202501,January 2025,202501,,F7k9I7WePE7,Keetmanshoop District,,,,,,,,32,,8,,1,,,106,82,8,,74,,,74,1
202501,January 2025,202501,,HuCz9nP325p,Khomas Region,,,,,,324,,48,,5,6,1,55,,234,187,18,,186,,,182,37
202501,January 2025,202501,,ut0VY2RkP4n,Khorixas District,,,,,,,,51,,2,,,27,,121,72,1,,70,,,70,
202501,January 2025,202501,,OwBLqK8HoJm,Kunene Region,,,,,,,,78,,10,,4,81,,184,116,3,1,106,,,106,9
202501,January 2025,202501,,dnVyDFlf55D,Luderitz District,,,,,,,1,12,,1,,,27,1,53,42,2,,41,,,41,3
202501,January 2025,202501,,bFCHIa6CuzW,Mariental District,,,,,,,,18,,18,,2,297,,101,101,13,,83,,,83,
202501,January 2025,202501,,vXZfqdE0PkP,Ncamagoro District,,,,,,,,1,,1,,,27,,34,34,2,,33,,,33,2
202501,January 2025,202501,,wSHVyf2XMH4,Nkurenkuru District,,,,,,,,10,,3,,1,54,,47,39,2,,37,,,36,3
202501,January 2025,202501,,FtxUgraJFFH,Nyangana District,,,,,,,,,,,,,,,7,7,,,7,,,7,7
202501,January 2025,202501,,bkCGDV5FZr6,Ohangwena Region,,,,,,92,27,132,,109,4,42,189,27,363,339,11,1,231,,,230,23
202501,January 2025,202501,,UQTgGLGzVJR,Okahandja District,,,,,,,,1,,1,1,1,,,10,10,1,,9,,,9,6
202501,January 2025,202501,,EcsNePeiu8B,Okahao District,,,,,,,,5,,4,,3,,,9,8,,,4,,,4,
202501,January 2025,202501,,cwdQdlsupXZ,Okakarara District,,,,,,,,4,,1,,,,,11,8,,,7,,,7,
202501,January 2025,202501,,FKhUQqO7kgp,Okongo District,,,,,,,4,15,,15,,9,,4,35,35,,,20,,,20,
202501,January 2025,202501,,EOcXucXIIf1,Omaheke Region,,,,,,27,7,162,,151,,17,379,7,435,423,19,,273,,,272,3
202501,January 2025,202501,,PbiAN2iuMNC,Omaruru District,,,,,,,,,,,,,,,,,,,,,,,1
202501,January 2025,202501,,ZGn3jYwsny5,Omusati Region,,,,,,440,25,158,,97,21,41,,25,249,187,12,1,91,,,90,17
202501,January 2025,202501,,A3TNsiR1dh5,Omuthiya District,,,,,,,,7,,2,,,27,,25,20,2,,18,,,18,
202501,January 2025,202501,,RTeFLiIQbw6,Onandjokwe District,,,,,,55,4,36,,30,,11,135,4,115,109,11,,79,,,79,9
202501,January 2025,202501,,dOdJP21SD9O,Opuwo District,,,,,,,,5,,4,,4,27,,23,22,1,,18,,,18,9
202501,January 2025,202501,,vxVCU3Gg2O7,Oranjemund District,,Oranjemund District,,,,,,,,,,,,,,,,,,,,,
202501,January 2025,202501,,fGEgF3PkXvq,Oshakati District,,,,,,143,12,117,,71,7,25,109,12,382,336,41,,265,,,265,32
202501,January 2025,202501,,b9HMqeI8JEo,Oshana Region,,,,,,143,12,117,,71,7,25,109,12,382,336,41,,265,,,265,32
202501,January 2025,202501,,qxZHCIcFGGI,Oshikoto Region,,,,,,55,4,44,,33,,11,162,4,144,133,14,,100,,,100,9
202501,January 2025,202501,,qUvunSjZohO,Oshikuku District,,,,,,189,13,84,,48,8,16,,13,114,78,1,,30,,,30,2
202501,January 2025,202501,,OZpQSwHeL07,Otjiwarongo District,,,,,,,,130,,,,,108,,641,511,37,,511,,,511,1
202501,January 2025,202501,,lOB86duziYC,Otjozondjupa Region,,,,,,,2,174,,28,1,9,108,2,898,752,50,,724,,,724,7
202501,January 2025,202501,,kvoY0kknTC4,Outapi District,,,,,,54,4,36,,13,3,8,,4,74,51,9,1,38,,,38,10
202501,January 2025,202501,,nBGDrsjRfLw,Outjo District,,,,,,,,22,,4,,,27,,40,22,1,1,18,,,18,
202501,January 2025,202501,,pTuejLrN4sm,Rehoboth District,,,,,,3,4,35,,26,,11,,4,80,71,4,,45,,,45,1
202501,January 2025,202501,,wMIC5fKYst9,Rundu District,,,,,,,5,37,,20,,8,108,5,198,181,7,,161,,,161,9
202501,January 2025,202501,,Ep5roMtNesc,Swakopmund District,,,1,1,1,122,,118,,1,,,220,,385,268,52,,266,,,266,20
202501,January 2025,202501,,QH5y5NkOxfc,Tsandi District,,,,,,197,8,33,,32,10,14,,8,52,50,2,,19,,,18,5
202501,January 2025,202501,,PvX6HjANIMR,Tsumeb District,,,,,,,,1,,1,,,,,4,4,1,,3,,,3,
202501,January 2025,202501,,tbFjsqAACE8,Usakos District,,,,,,,1,33,,13,,4,27,1,113,93,3,1,80,,,80,1
202501,January 2025,202501,,E9sSue8msED,Walvis Bay District,,,,,,9,1,39,,38,,15,54,1,280,278,15,,241,,,240,10
202501,January 2025,202501,,OPZrTAb9fdW,Windhoek District,,,,,,324,,48,,5,6,1,55,,234,187,18,,186,,,182,37
202501,January 2025,202501,,ICVofXXkxdc,Zambezi Region,,,,,,,,12,,2,,,,,66,56,7,,54,,,54,
202502,February 2025,202502,,M4CCRjpqMoJ,Andara District,,,,,,30,3,18,,12,,9,351,3,55,49,15,,37,,,37,7
202502,February 2025,202502,,lNdjeN88AeE,Aranos District,,,,,,,,2,,1,,,,,2,1,,,,,,,
202502,February 2025,202502,,pWoACmCrmMl,Eenhana District,,,,,,27,1,5,,4,,2,54,1,45,44,2,,40,,,40,4
202502,February 2025,202502,,qAWnilOcDa8,Engela District,,,,,,174,4,31,,19,6,9,55,4,79,67,5,,48,,,48,13
202502,February 2025,202502,,DZGJZHBfYq5,Erongo Region,,,,,,14,2,35,,22,2,17,108,2,175,162,18,,140,,,140,24
202502,February 2025,202502,,pCHdG1g9imN,Gobabis District,,,,,,54,1,19,,19,,12,27,1,69,69,2,2,50,,,50,
202502,February 2025,202502,,HBNyx54xyKg,Grootfontein District,,,,,,108,,2,,,,,,,5,3,3,,3,,,3,1
202502,February 2025,202502,,PsPP6q4tzAb,Hardap Region,,,,,,4,,30,,16,,5,27,,88,72,7,,58,,,56,
202502,February 2025,202502,,qTfEvXsiLvx,Karas Region,,,,,,,,11,,,,,54,,34,23,2,,23,,,23,3
202502,February 2025,202502,,h9lJDhyWO9x,Karasburg District,,,,,,,,,,,,,,,,,,,,,,,
202502,February 2025,202502,,KSe05Xbqo0U,Katima Mulilo District,,,,,,,,24,,,,,54,,150,126,4,2,126,,,126,1
202502,February 2025,202502,,sgwgViA64qj,Kavango East Region,,,,,,30,3,20,,12,,9,378,3,78,70,16,,58,,,58,8
202502,February 2025,202502,,OD20xu7veAQ,Kavango West Region,,,,,,1,1,14,,7,,4,27,1,46,39,1,,32,,,32,3
202502,February 2025,202502,,F7k9I7WePE7,Keetmanshoop District,,,,,,,,7,,,,,27,,12,5,1,,5,,,5,
202502,February 2025,202502,,HuCz9nP325p,Khomas Region,,,,,,325,1,157,,28,3,5,243,1,813,680,39,1,656,,,652,16
202502,February 2025,202502,,ut0VY2RkP4n,Khorixas District,,,,,,,,3,,2,1,1,,,4,3,,,1,,,1,1
202502,February 2025,202502,,OwBLqK8HoJm,Kunene Region,,,,,,,3,21,,9,1,3,,3,77,65,4,,57,,,57,2
202502,February 2025,202502,,dnVyDFlf55D,Luderitz District,,,,,,,,4,,,,,27,,22,18,1,,18,,,18,3
202502,February 2025,202502,,bFCHIa6CuzW,Mariental District,,,,,,,,2,,2,,,,,14,14,,,12,,,12,
202502,February 2025,202502,,vXZfqdE0PkP,Ncamagoro District,,,,,,1,,6,,4,,3,27,,28,26,1,,22,,,22,1
202502,February 2025,202502,,wSHVyf2XMH4,Nkurenkuru District,,,,,,,1,8,,3,,1,,1,18,13,,,10,,,10,2
202502,February 2025,202502,,FtxUgraJFFH,Nyangana District,,,,,,,,,,,,,,,,,,,,,,,
202502,February 2025,202502,,bkCGDV5FZr6,Ohangwena Region,,,,,,201,5,42,,23,6,11,109,5,133,114,7,,91,,,91,17
202502,February 2025,202502,,UQTgGLGzVJR,Okahandja District,,,,,,,,,,,,,,,,,,,,,,,
202502,February 2025,202502,,EcsNePeiu8B,Okahao District,,,,,,,,,,,,,,,,,,,,,,,
202502,February 2025,202502,,cwdQdlsupXZ,Okakarara District,,,,,,,,,,,,,,,,,,,,,,,
202502,February 2025,202502,,FKhUQqO7kgp,Okongo District,,,,,,,,6,,,,,,,9,3,,,3,,,3,
202502,February 2025,202502,,EOcXucXIIf1,Omaheke Region,,,,,,54,1,19,,19,,12,27,1,69,69,2,2,50,,,50,
202502,February 2025,202502,,PbiAN2iuMNC,Omaruru District,,,,,,,,,,,,,,,,,,,,,,,
202502,February 2025,202502,,ZGn3jYwsny5,Omusati Region,,,,,,434,18,141,,64,18,29,54,18,365,288,14,1,224,,,224,5
202502,February 2025,202502,,A3TNsiR1dh5,Omuthiya District,,,,,,,2,10,,7,,2,,2,16,13,,,6,,,6,
202502,February 2025,202502,,RTeFLiIQbw6,Onandjokwe District,,,,,,27,1,2,,1,,,81,1,53,52,6,,51,,,51,2
202502,February 2025,202502,,dOdJP21SD9O,Opuwo District,,,,,,,3,6,,5,,1,,3,31,30,,,25,,,25,
202502,February 2025,202502,,vxVCU3Gg2O7,Oranjemund District,,Oranjemund District,,,,,,,,,,,,,,,,,,,,,
202502,February 2025,202502,,fGEgF3PkXvq,Oshakati District,,,,,,83,1,62,,24,3,13,81,1,146,108,13,,84,,,84,19
202502,February 2025,202502,,b9HMqeI8JEo,Oshana Region,,,,,,83,1,62,,24,3,13,81,1,146,108,13,,84,,,84,19
202502,February 2025,202502,,qxZHCIcFGGI,Oshikoto Region,,,,,,27,3,14,,10,,2,81,3,72,68,6,,58,,,58,2
202502,February 2025,202502,,qUvunSjZohO,Oshikuku District,,,,,,81,,38,,3,3,2,27,,72,37,2,,34,,,34,
202502,February 2025,202502,,OZpQSwHeL07,Otjiwarongo District,,,,,,,,,,,,,,,,,,,,,,,3
202502,February 2025,202502,,lOB86duziYC,Otjozondjupa Region,,,,,,108,,2,,,,,,,5,3,3,,3,,,3,4
202502,February 2025,202502,,kvoY0kknTC4,Outapi District,,,,,,326,5,55,,15,,6,27,5,196,156,12,1,141,,,141,4
202502,February 2025,202502,,nBGDrsjRfLw,Outjo District,,,,,,,,12,,2,,1,,,42,32,4,,31,,,31,1
202502,February 2025,202502,,pTuejLrN4sm,Rehoboth District,,,,,,4,,26,,13,,5,27,,72,57,7,,46,,,44,
202502,February 2025,202502,,wMIC5fKYst9,Rundu District,,,,,,,,2,,,,,27,,23,21,1,,21,,,21,1
202502,February 2025,202502,,Ep5roMtNesc,Swakopmund District,,,,,,1,,4,,,,,,,20,16,3,,16,,,16,11
202502,February 2025,202502,,QH5y5NkOxfc,Tsandi District,,,,,,27,13,48,,46,15,21,,13,97,95,,,49,,,49,1
202502,February 2025,202502,,PvX6HjANIMR,Tsumeb District,,,,,,,,2,,2,,,,,3,3,,,1,,,1,
202502,February 2025,202502,,tbFjsqAACE8,Usakos District,,,,,,,,13,,4,,3,54,,40,31,3,,27,,,27,1
202502,February 2025,202502,,E9sSue8msED,Walvis Bay District,,,,,,13,2,18,,18,2,14,54,2,115,115,12,,97,,,97,12
202502,February 2025,202502,,OPZrTAb9fdW,Windhoek District,,,,,,325,1,157,,28,3,5,243,1,813,680,39,1,656,,,652,16
202502,February 2025,202502,,ICVofXXkxdc,Zambezi Region,,,,,,,,24,,,,,54,,150,126,4,2,126,,,126,1
202503,March 2025,202503,,M4CCRjpqMoJ,Andara District,,,,,,27,,11,,2,1,1,108,,28,19,5,,17,,,17,12
202503,March 2025,202503,,lNdjeN88AeE,Aranos District,,,,,,,1,2,,1,,,,1,2,1,,,,,,,
202503,March 2025,202503,,pWoACmCrmMl,Eenhana District,,,,,,,,6,,3,,,27,,27,24,3,,21,,,21,3
202503,March 2025,202503,,qAWnilOcDa8,Engela District,,,,,,168,1,30,,18,4,10,,1,113,101,2,1,83,,,83,2
202503,March 2025,202503,,DZGJZHBfYq5,Erongo Region,,,,,,4,,28,,10,1,10,162,,150,132,19,,122,,,122,12
202503,March 2025,202503,,pCHdG1g9imN,Gobabis District,,,,,,,1,10,,10,,4,27,1,45,45,2,,35,,,35,5
202503,March 2025,202503,,HBNyx54xyKg,Grootfontein District,,,,,,27,2,9,,6,,2,,2,24,21,6,1,15,,,15,4
202503,March 2025,202503,,PsPP6q4tzAb,Hardap Region,,,,,,32,1,27,,9,,3,,1,88,70,6,,61,,,61,24
202503,March 2025,202503,,qTfEvXsiLvx,Karas Region,,,,,,,,,,,,,,,26,26,2,,26,,,26,1
202503,March 2025,202503,,h9lJDhyWO9x,Karasburg District,,,,,,,,,,,,,,,6,6,,,6,,,6,1
202503,March 2025,202503,,KSe05Xbqo0U,Katima Mulilo District,,,,,,,,21,,1,,1,27,,145,125,5,,124,,,124,
202503,March 2025,202503,,sgwgViA64qj,Kavango East Region,,,,,,27,,11,,2,1,1,108,,28,19,5,,17,,,17,14
202503,March 2025,202503,,OD20xu7veAQ,Kavango West Region,,,,,,,,12,,4,,2,,,34,26,,,22,,,22,
202503,March 2025,202503,,F7k9I7WePE7,Keetmanshoop District,,,,,,,,,,,,,,,3,3,1,,3,,,3,
202503,March 2025,202503,,HuCz9nP325p,Khomas Region,,,,,,243,,39,,1,,1,162,,218,176,12,1,179,,,175,11
202503,March 2025,202503,,ut0VY2RkP4n,Khorixas District,,,,,,,,13,,12,,3,27,,18,17,1,,5,,,5,
202503,March 2025,202503,,OwBLqK8HoJm,Kunene Region,,,,,,27,3,26,,22,,7,54,3,68,64,4,,42,,,42,2
202503,March 2025,202503,,dnVyDFlf55D,Luderitz District,,,,,,,,,,,,,,,17,17,1,,17,,,17,
202503,March 2025,202503,,bFCHIa6CuzW,Mariental District,,,,,,30,,10,,7,,3,,,45,42,2,,35,,,35,13
202503,March 2025,202503,,vXZfqdE0PkP,Ncamagoro District,,,,,,,,10,,2,,2,,,29,21,,,19,,,19,
202503,March 2025,202503,,wSHVyf2XMH4,Nkurenkuru District,,,,,,,,2,,2,,,,,5,5,,,3,,,3,
202503,March 2025,202503,,FtxUgraJFFH,Nyangana District,,,,,,,,,,,,,,,,,,,,,,,
202503,March 2025,202503,,bkCGDV5FZr6,Ohangwena Region,,,,,,168,1,44,,21,4,10,27,1,157,134,5,1,113,,,113,5
202503,March 2025,202503,,UQTgGLGzVJR,Okahandja District,,,,,,,,,,,,,,,1,1,,,1,,,1,
202503,March 2025,202503,,EcsNePeiu8B,Okahao District,,,,,,27,,11,,5,,4,,,16,10,,,5,,,5,
202503,March 2025,202503,,cwdQdlsupXZ,Okakarara District,,,,,,,,,,,,,,,,,,,,,,,
202503,March 2025,202503,,FKhUQqO7kgp,Okongo District,,,,,,,,8,,,,,,,17,9,,,9,,,9,
202503,March 2025,202503,,EOcXucXIIf1,Omaheke Region,,,,,,,1,10,,10,,4,27,1,45,45,2,,35,,,35,5
202503,March 2025,202503,,PbiAN2iuMNC,Omaruru District,,,,,,,,,,,,,,,,,,,,,,,
202503,March 2025,202503,,ZGn3jYwsny5,Omusati Region,,,,,,327,9,140,,62,4,37,270,9,322,244,20,1,182,,,182,15
202503,March 2025,202503,,A3TNsiR1dh5,Omuthiya District,,,,,,,,7,,1,,1,,,9,3,,,2,,,2,
202503,March 2025,202503,,RTeFLiIQbw6,Onandjokwe District,,,,,,1,,,,,,,,,38,38,3,,38,,,38,1
202503,March 2025,202503,,dOdJP21SD9O,Opuwo District,,,,,,,3,9,,6,,3,27,3,29,26,1,,20,,,20,
202503,March 2025,202503,,vxVCU3Gg2O7,Oranjemund District,,Oranjemund District,,,,,,,,,,,,,,,,,,,,,
202503,March 2025,202503,,fGEgF3PkXvq,Oshakati District,,,,,,1811,4,89,,19,3,5,108,4,230,160,22,,141,,,141,10
202503,March 2025,202503,,b9HMqeI8JEo,Oshana Region,,,,,,1811,4,89,,19,3,5,108,4,230,160,22,,141,,,141,10
202503,March 2025,202503,,qxZHCIcFGGI,Oshikoto Region,,,,,,1,,7,,1,,1,,,47,41,3,,40,,,40,1
202503,March 2025,202503,,qUvunSjZohO,Oshikuku District,,,,,,,,52,,24,,14,,,77,49,,,25,,,25,2
202503,March 2025,202503,,OZpQSwHeL07,Otjiwarongo District,,,,,,,,,,,,,,,,,,,,,,,
202503,March 2025,202503,,lOB86duziYC,Otjozondjupa Region,,,,,,27,2,9,,6,,2,,2,25,22,6,1,16,,,16,4
202503,March 2025,202503,,kvoY0kknTC4,Outapi District,,,,,,109,4,54,,11,,5,108,4,156,113,14,1,102,,,102,9
202503,March 2025,202503,,nBGDrsjRfLw,Outjo District,,,,,,27,,4,,4,,1,,,21,21,2,,17,,,17,2
202503,March 2025,202503,,pTuejLrN4sm,Rehoboth District,,,,,,2,,15,,1,,,,,41,27,4,,26,,,26,11
202503,March 2025,202503,,wMIC5fKYst9,Rundu District,,,,,,,,,,,,,,,,,,,,,,,2
202503,March 2025,202503,,Ep5roMtNesc,Swakopmund District,,,,,,,,10,,,,,81,,81,71,11,,71,,,71,
202503,March 2025,202503,,QH5y5NkOxfc,Tsandi District,,,,,,191,5,23,,22,4,14,162,5,73,72,6,,50,,,50,4
202503,March 2025,202503,,PvX6HjANIMR,Tsumeb District,,,,,,,,,,,,,,,,,,,,,,,
202503,March 2025,202503,,tbFjsqAACE8,Usakos District,,,,,,,,8,,,,,81,,45,37,5,,37,,,37,5
202503,March 2025,202503,,E9sSue8msED,Walvis Bay District,,,,,,4,,10,,10,1,10,,,24,24,3,,14,,,14,7
202503,March 2025,202503,,OPZrTAb9fdW,Windhoek District,,,,,,243,,39,,1,,1,162,,218,176,12,1,179,,,175,11
202503,March 2025,202503,,ICVofXXkxdc,Zambezi Region,,,,,,,,21,,1,,1,27,,145,125,5,,124,,,124,
